Order_ID,Order_Date,Customer_ID,Customer_Segment,Region,Category,Sales,Quantity,Discount,Profit,Customer_Satisfaction_Score,Return_Status
ORD-1000,2025-04-13,CUST-142,Consumer,South,Technology,1189.594632505604,3,0.0,210.54345120702953,4.0,No
ORD-1001,2025-06-29,CUST-143,Consumer,West,Technology,162.78920445040902,11,0.3,318.7730621809417,5.0,No
ORD-1002,2025-04-03,CUST-128,Home Office,South,Office Supplies,133.89048276715795,8,0.5,123.79060077603759,,No
ORD-1003,2025-01-15,CUST-112,Consumer,Central,Office Supplies,871.963192383202,12,0.2,3.612914319731601,5.0,Yes
ORD-1004,2025-04-17,CUST-111,Corporate,East,Office Supplies,698.2804312376268,10,0.1,-79.94627944809437,4.0,No
ORD-1005,2025-03-13,CUST-130,Corporate,Central,Office Supplies,336.251193206169,8,0.3,87.03898400865756,5.0,No
ORD-1006,2025-01-21,CUST-145,Corporate,West,Furniture,104.50904909689406,8,0.2,35.86251503487583,4.0,No
ORD-1007,2025-04-13,CUST-101,Consumer,East,Furniture,111.93331701975234,12,0.5,242.489737710744,4.0,No
ORD-1008,2025-05-02,CUST-149,Corporate,West,Office Supplies,1074.0871408503008,12,0.0,59.42049417847096,5.0,No
ORD-1009,2025-03-16,CUST-134,Home Office,West,Furniture,238.32211641530407,9,0.5,327.0820383416798,3.0,No
ORD-1010,2025-03-29,CUST-122,Home Office,Central,Technology,394.81215891746973,4,0.1,333.0395913445029,4.0,No
ORD-1011,2025-04-27,CUST-116,Consumer,West,Technology,279.7211186501157,5,0.3,179.4088655979686,5.0,No
ORD-1012,2025-04-10,CUST-125,Home Office,Central,Technology,432.4456039400054,5,0.3,317.8971291566973,4.0,Yes
ORD-1013,2025-04-14,CUST-107,Home Office,East,Office Supplies,92.6143728678511,8,0.1,242.38445503152303,4.0,No
ORD-1014,2025-06-01,CUST-128,Consumer,Central,Technology,627.6811511808418,7,0.2,146.08683843880678,5.0,Yes
ORD-1015,2025-05-11,CUST-125,Corporate,East,Furniture,90.45895067473573,9,0.2,-18.861429059749852,4.0,No
ORD-1016,2025-05-30,CUST-109,Corporate,Central,Office Supplies,962.4242443086102,14,0.3,106.36907458122798,5.0,Yes
ORD-1017,2025-02-22,CUST-125,Corporate,South,Furniture,288.1173774734153,8,0.3,152.39350851317792,3.0,No
ORD-1018,2025-01-02,CUST-133,Consumer,South,Technology,652.6141783793676,2,0.0,288.7827113307546,2.0,No
ORD-1019,2025-03-29,CUST-140,Home Office,West,Technology,1057.2941141981353,10,0.2,116.6000194410492,3.0,No
ORD-1020,2025-06-07,CUST-106,Corporate,Central,Technology,784.5440691661611,12,0.1,303.95360270508047,4.0,No
ORD-1021,2025-02-07,CUST-103,Corporate,Central,Office Supplies,644.219765996089,4,0.2,203.45704056056098,4.0,No
ORD-1022,2025-05-10,CUST-149,Consumer,East,Furniture,395.95716620729695,6,0.0,-38.35042162584788,5.0,No
ORD-1023,2025-01-21,CUST-144,Corporate,West,Office Supplies,406.27227653925553,12,0.3,347.74161619629183,4.0,Yes
ORD-1024,2025-06-10,CUST-110,Consumer,Central,Office Supplies,806.6894766858462,2,0.3,137.25469733926067,4.0,No
ORD-1025,2025-02-27,CUST-128,Home Office,West,Technology,1193.0258398531894,7,0.0,76.33623338408549,1.0,No
ORD-1026,2025-01-22,CUST-135,Consumer,South,Office Supplies,797.5886359207606,3,0.1,196.6011940112869,4.0,Yes
ORD-1027,2025-03-30,CUST-124,Consumer,Central,Office Supplies,673.7622666703296,13,0.3,-50.99800870853242,4.0,Yes
ORD-1028,2025-02-18,CUST-120,Consumer,Central,Technology,879.4741071847028,3,0.5,186.44239103900946,1.0,No
ORD-1029,2025-02-28,CUST-135,Consumer,West,Office Supplies,563.5946786176246,11,0.3,124.20620022467284,3.0,Yes
ORD-1030,2025-06-19,CUST-109,Home Office,Central,Technology,81.5693876949344,2,0.5,83.00333149936242,3.0,No
ORD-1031,2025-01-15,CUST-136,Home Office,West,Technology,679.1332108947126,11,0.0,328.85900953050464,1.0,No
ORD-1032,2025-06-24,CUST-108,Corporate,Central,Technology,1149.5740885614025,8,0.0,135.14287252942395,4.0,No
ORD-1033,2025-02-20,CUST-123,Home Office,East,Technology,218.61050140561497,6,0.3,-1.3971342385277126,3.0,No
ORD-1034,2025-04-18,CUST-134,Home Office,West,Office Supplies,831.1058200765922,1,0.2,106.53356571978438,4.0,No
ORD-1035,2025-02-24,CUST-148,Corporate,Central,Technology,249.1110895042772,12,0.5,313.72433205770267,5.0,No
ORD-1036,2025-03-05,CUST-134,Home Office,South,Technology,647.6349445229667,1,0.1,-20.757037901232394,4.0,No
ORD-1037,2025-05-11,CUST-147,Consumer,Central,Office Supplies,125.04497507959634,7,0.3,-3.7193325902933907,,No
ORD-1038,2025-02-20,CUST-135,Consumer,South,Office Supplies,545.9414141472403,8,0.1,-94.13669450931232,4.0,No
ORD-1039,2025-05-15,CUST-117,Corporate,South,Furniture,909.8343613853428,5,0.3,-93.61447777190477,4.0,No
ORD-1040,2025-01-21,CUST-148,Corporate,East,Office Supplies,423.61011384438865,12,0.2,273.2262321313306,,No
ORD-1041,2025-03-14,CUST-138,Corporate,West,Office Supplies,801.2449521397895,11,0.2,229.4551730793301,3.0,No
ORD-1042,2025-06-16,CUST-131,Consumer,Central,Furniture,956.5854533397777,5,0.2,59.76847540338122,5.0,No
ORD-1043,2025-01-18,CUST-123,Home Office,East,Office Supplies,1113.3416051805486,4,0.2,214.24002075240776,1.0,No
ORD-1044,2025-05-12,CUST-122,Consumer,Central,Office Supplies,289.22407740798974,14,0.0,77.84266683948658,4.0,No
ORD-1045,2025-03-30,CUST-131,Corporate,South,Office Supplies,485.1859398130767,6,0.0,328.8035581990224,2.0,Yes
ORD-1046,2025-03-01,CUST-136,Home Office,West,Office Supplies,191.37505586319674,14,0.5,335.1737066417157,4.0,No
ORD-1047,2025-01-14,CUST-111,Home Office,Central,Furniture,1191.0553675684664,6,0.1,76.75719911420452,4.0,No
ORD-1048,2025-01-09,CUST-148,Consumer,Central,Office Supplies,1113.1311518299115,3,0.3,284.3998578533906,4.0,No
ORD-1049,2025-03-31,CUST-112,Corporate,South,Office Supplies,652.5489850338658,9,0.3,247.8900687638598,3.0,Yes
ORD-1050,2025-02-22,CUST-122,Consumer,Central,Furniture,1012.0196203079413,12,0.0,39.499971727305194,3.0,Yes
ORD-1051,2025-05-10,CUST-124,Home Office,Central,Technology,629.9399929537302,11,0.3,4.417923005497684,1.0,No
ORD-1052,2025-03-25,CUST-134,Consumer,South,Furniture,752.066968723284,14,0.0,106.20559267677524,3.0,No
ORD-1053,2025-04-02,CUST-140,Consumer,East,Technology,116.05807421805977,7,0.5,251.60697827648283,5.0,
ORD-1054,2025-04-21,CUST-129,Corporate,South,Furniture,908.7718003912014,1,0.1,332.07550312793546,3.0,No
ORD-1055,2025-06-21,CUST-116,Corporate,East,Furniture,161.97904552592945,13,0.5,243.61058098995767,5.0,No
ORD-1056,2025-01-08,CUST-148,Home Office,West,Office Supplies,993.0204800005088,7,0.2,284.8431432582665,5.0,No
ORD-1057,2025-06-24,CUST-119,Consumer,East,Technology,940.6134243277592,5,0.2,171.37893777673247,3.0,No
ORD-1058,2025-02-04,CUST-147,Consumer,East,Office Supplies,853.406190314142,5,0.2,275.93352387895663,4.0,No
ORD-1059,2025-03-22,CUST-124,Consumer,West,Technology,53.03085282446692,14,0.5,252.98938610153795,2.0,Yes
ORD-1060,2025-06-13,CUST-121,Home Office,East,Furniture,370.72274357494103,13,0.3,69.64349386682605,2.0,No
ORD-1061,2025-02-19,CUST-112,Home Office,South,Furniture,323.103958193903,2,0.1,148.3956359543245,1.0,No
ORD-1062,2025-04-14,CUST-118,Corporate,East,Technology,438.5623248911077,4,0.2,262.13890489536266,4.0,No
ORD-1063,2025-05-12,CUST-148,Corporate,West,Office Supplies,114.29486864896786,12,0.2,-79.27446961451963,4.0,Yes
ORD-1064,2025-01-02,CUST-135,Corporate,South,Office Supplies,1124.9798094069647,6,0.2,263.63567706012344,4.0,No
ORD-1065,2025-05-14,CUST-111,Consumer,West,Office Supplies,669.0246664477278,10,0.1,-19.950344177939456,4.0,No
ORD-1066,2025-02-23,CUST-140,Consumer,West,Office Supplies,373.573929683048,11,0.2,131.60762770464754,3.0,No
ORD-1067,2025-04-16,CUST-118,Corporate,Central,Furniture,482.4080053183973,7,0.1,263.7239478001719,4.0,No
ORD-1068,2025-01-04,CUST-111,Consumer,Central,Furniture,542.1710232007545,11,0.2,14.219485170512684,5.0,No
ORD-1069,2025-02-23,CUST-108,Corporate,West,Furniture,724.7072566991346,5,0.5,10.61334768776885,1.0,No
ORD-1070,2025-05-26,CUST-106,Home Office,West,Furniture,623.6585189588324,9,0.5,81.24397930801334,3.0,No
ORD-1071,2025-02-13,CUST-127,Corporate,West,Furniture,1104.0764481251567,3,0.1,302.58925890993555,4.0,No
ORD-1072,2025-06-11,CUST-113,Home Office,Central,Office Supplies,601.386544657938,1,0.5,-99.80074835325645,3.0,No
ORD-1073,2025-01-14,CUST-130,Consumer,Central,Office Supplies,1190.6680376397421,4,0.1,305.6223934888707,4.0,No
ORD-1074,2025-04-05,CUST-118,Corporate,East,Office Supplies,1023.195699716664,9,0.5,-30.786838911276504,3.0,No
ORD-1075,2025-02-17,CUST-146,Consumer,East,Office Supplies,258.1275120852296,4,0.5,345.5388692303669,3.0,No
ORD-1076,2025-01-15,CUST-115,Home Office,West,Furniture,1117.4083054262603,2,0.1,329.68114686731064,3.0,No
ORD-1077,2025-02-09,CUST-104,Home Office,South,Furniture,148.47601348371654,10,0.3,122.6038353160775,3.0,Yes
ORD-1078,2025-03-23,CUST-134,Home Office,South,Furniture,982.7651531045179,14,0.5,130.72411151568267,4.0,No
ORD-1079,2025-04-21,CUST-111,Consumer,Central,Technology,462.9417192371303,14,0.2,116.69720312413443,4.0,Yes
ORD-1080,2025-02-22,CUST-124,Consumer,Central,Office Supplies,1054.7894413296326,5,0.3,185.9496405467852,5.0,No
ORD-1081,2025-01-24,CUST-120,Consumer,Central,Office Supplies,1042.9874612278659,3,0.1,-59.17523399428104,5.0,No
ORD-1082,2025-06-03,CUST-135,Consumer,West,Furniture,969.0512261399691,13,0.3,-85.32192324629507,4.0,No
ORD-1083,2025-05-04,CUST-122,Home Office,South,Office Supplies,950.136219205403,12,0.0,-74.03368221284552,5.0,No
ORD-1084,2025-02-10,CUST-115,Home Office,East,Office Supplies,372.56817552666854,13,0.0,99.96440715868147,3.0,No
ORD-1085,2025-06-06,CUST-138,Corporate,West,Furniture,106.2939468309901,9,0.5,23.996572648767525,4.0,No
ORD-1086,2025-01-15,CUST-144,Corporate,East,Technology,489.54641273054216,4,0.5,179.91780306694722,4.0,No
ORD-1087,2025-02-14,CUST-141,Consumer,East,Technology,216.49417283394533,6,0.2,346.5990302186505,3.0,No
ORD-1088,2025-03-06,CUST-138,Home Office,West,Technology,836.9917957939294,2,0.3,73.84542788440965,4.0,No
ORD-1089,2025-03-30,CUST-113,Home Office,East,Furniture,421.85867457996477,6,0.0,158.228564347031,3.0,No
ORD-1090,2025-03-12,CUST-130,Home Office,South,Office Supplies,1170.9761390232986,3,0.5,87.02175315830098,4.0,No
ORD-1091,2025-01-09,CUST-104,Corporate,East,Furniture,772.7567720409451,12,0.3,281.2722504748367,5.0,No
ORD-1092,2025-03-29,CUST-134,Corporate,South,Furniture,988.7518707248895,12,0.5,306.00638155800715,5.0,No
ORD-1093,2025-05-09,CUST-122,Home Office,South,Office Supplies,167.70436056279962,9,0.5,294.810025492367,4.0,No
ORD-1094,2025-05-16,CUST-128,Home Office,South,Technology,1035.7972339044209,11,0.0,338.4675074056659,4.0,Yes
ORD-1095,2025-03-04,CUST-142,Home Office,Central,Technology,1108.0810567109393,2,0.0,-87.61636668681312,4.0,No
ORD-1096,2025-05-19,CUST-110,Corporate,East,Furniture,589.6036833945337,12,0.5,277.91727296548896,4.0,No
ORD-1097,2025-03-22,CUST-117,Home Office,West,Technology,731.4409959236632,12,0.1,238.29747786759197,2.0,No
ORD-1098,2025-05-16,CUST-146,Home Office,West,Furniture,920.1236630745645,9,0.5,2.9124842301641536,4.0,No
ORD-1099,2025-06-12,CUST-111,Consumer,East,Furniture,218.05796643989095,5,0.5,330.3440420243874,4.0,No
ORD-1100,2025-06-12,CUST-108,Consumer,Central,Office Supplies,608.0536309914964,8,0.2,-33.31993229652454,,Yes
ORD-1101,2025-02-02,CUST-109,Corporate,Central,Office Supplies,484.4090030490526,2,0.2,205.7974672102588,4.0,No
ORD-1102,2025-05-03,CUST-143,Home Office,South,Office Supplies,184.18505067307643,6,0.2,1.2005975671606137,4.0,No
ORD-1103,2025-01-05,CUST-116,Home Office,East,Furniture,447.36596252692243,3,0.1,94.1212919483336,4.0,No
ORD-1104,2025-02-10,CUST-137,Consumer,East,Office Supplies,91.12504816873735,12,0.1,223.62195362505605,4.0,
ORD-1105,2025-01-28,CUST-106,Corporate,West,Technology,40.71616926988951,12,0.5,153.496088914871,4.0,No
ORD-1106,2025-05-15,CUST-145,Consumer,East,Technology,170.84788409423908,14,0.2,92.37582409765028,3.0,No
ORD-1107,2025-03-13,CUST-112,Consumer,Central,Furniture,1156.106982791117,10,0.1,46.85229391939424,4.0,No
ORD-1108,2025-01-12,CUST-139,Consumer,East,Furniture,663.9401477150702,5,0.0,277.84684506895564,5.0,No
ORD-1109,2025-06-11,CUST-141,Consumer,West,Office Supplies,1159.3283717723318,12,0.5,-35.28354235833383,4.0,No
ORD-1110,2025-02-02,CUST-108,Home Office,South,Furniture,524.6724752128571,8,0.3,93.54629443841003,3.0,No
ORD-1111,2025-02-17,CUST-149,Home Office,West,Furniture,381.0611983714589,10,0.5,306.69090729881395,4.0,No
ORD-1112,2025-05-31,CUST-126,Consumer,West,Technology,612.3088167798904,14,0.3,280.63229770698547,5.0,No
ORD-1113,2025-03-03,CUST-101,Corporate,South,Technology,533.018909473163,1,0.2,80.42379311287101,2.0,Yes
ORD-1114,2025-02-06,CUST-104,Corporate,West,Office Supplies,135.74097427147524,5,0.3,243.39876362058874,5.0,No
ORD-1115,2025-04-09,CUST-128,Corporate,West,Furniture,772.5833144813454,3,0.2,270.42237381898667,5.0,No
ORD-1116,2025-06-21,CUST-136,Corporate,East,Furniture,267.0854371864235,4,0.0,299.99934080163337,4.0,No
ORD-1117,2025-04-14,CUST-137,Consumer,East,Technology,747.3096663284172,2,0.3,145.0275960721526,,No
ORD-1118,2025-02-04,CUST-118,Home Office,South,Furniture,783.7392999538025,9,0.5,-7.992601275379684,5.0,No
ORD-1119,2025-04-11,CUST-107,Corporate,East,Technology,190.90957522309125,3,0.2,14.889084426769244,5.0,Yes
ORD-1120,2025-06-24,CUST-147,Consumer,East,Office Supplies,83.00605626169511,2,0.5,33.0626033187219,4.0,No
ORD-1121,2025-05-11,CUST-144,Corporate,West,Technology,939.1062874214434,10,0.1,167.21111636432698,3.0,
ORD-1122,2025-01-01,CUST-100,Corporate,Central,Furniture,557.162504285491,11,0.2,-85.2356691421262,3.0,No
ORD-1123,2025-01-05,CUST-121,Consumer,East,Office Supplies,79.21491665151619,9,0.3,186.21911095098574,4.0,No
ORD-1124,2025-05-22,CUST-116,Home Office,Central,Technology,1193.890917432023,7,0.2,63.95940729270441,3.0,No
ORD-1125,2025-04-13,CUST-106,Home Office,East,Technology,78.7588675856763,6,0.5,32.85881112033897,4.0,Yes
ORD-1126,2025-01-27,CUST-124,Consumer,East,Office Supplies,837.0919223416782,1,0.0,295.77345682765684,5.0,No
ORD-1127,2025-05-17,CUST-144,Home Office,South,Office Supplies,1180.577921063462,5,0.2,107.00107801135951,5.0,No
ORD-1128,2025-01-15,CUST-103,Consumer,South,Technology,294.6243240169515,12,0.3,-57.226129510288246,4.0,No
ORD-1129,2025-03-31,CUST-135,Consumer,South,Furniture,179.27674873776346,11,0.1,272.0360456118112,5.0,No
ORD-1130,2025-02-11,CUST-105,Consumer,Central,Technology,154.4480779126904,14,0.0,-78.56143415357204,5.0,Yes
ORD-1131,2025-05-04,CUST-130,Home Office,West,Office Supplies,370.8974256054387,11,0.1,227.0371508756885,4.0,No
ORD-1132,2025-06-28,CUST-118,Consumer,East,Technology,130.24451510266957,3,0.2,248.2577997967993,3.0,Yes
ORD-1133,2025-03-04,CUST-143,Corporate,East,Office Supplies,833.6719966160169,1,0.5,58.671172667986184,4.0,No
ORD-1134,2025-04-06,CUST-138,Home Office,East,Office Supplies,84.12723977477461,4,0.5,271.154535325004,4.0,No
ORD-1135,2025-02-21,CUST-126,Home Office,Central,Furniture,616.2123324982498,13,0.3,132.04673263540403,4.0,No
ORD-1136,2025-04-06,CUST-109,Home Office,South,Office Supplies,1196.0692560850423,2,0.5,108.48214397275856,4.0,No
ORD-1137,2025-05-12,CUST-125,Home Office,West,Office Supplies,978.6246207121624,2,0.0,-79.56852333908836,2.0,No
ORD-1138,2025-05-31,CUST-118,Corporate,Central,Furniture,742.1111314949029,3,0.5,30.51313714200765,4.0,Yes
ORD-1139,2025-05-23,CUST-138,Home Office,South,Office Supplies,374.4418087360679,8,0.3,318.9544868983849,5.0,No
ORD-1140,2025-06-20,CUST-102,Home Office,Central,Furniture,752.4360451870498,8,0.2,76.32078347757499,4.0,No
ORD-1141,2025-01-29,CUST-144,Consumer,West,Furniture,637.1793420548654,12,0.2,146.01523425054575,,Yes
ORD-1142,2025-02-05,CUST-112,Home Office,South,Office Supplies,517.039226829542,7,0.5,139.4097555429133,5.0,No
ORD-1143,2025-01-13,CUST-149,Corporate,Central,Office Supplies,165.54534832083738,6,0.1,165.693990420212,5.0,No
ORD-1144,2025-06-09,CUST-127,Corporate,West,Technology,1065.0590161361554,9,0.2,-72.40106996052282,5.0,No
ORD-1145,2025-03-12,CUST-119,Corporate,East,Furniture,545.2437320973738,4,0.5,62.97931465942773,5.0,No
ORD-1146,2025-03-27,CUST-127,Corporate,West,Technology,241.60078906671043,12,0.3,225.40772324714936,4.0,No
ORD-1147,2025-01-28,CUST-107,Home Office,East,Office Supplies,447.6336275439746,1,0.5,-9.74788701715768,1.0,No
ORD-1148,2025-03-07,CUST-140,Home Office,Central,Technology,502.8144055094232,8,0.2,-8.389730104137811,4.0,No
ORD-1149,2025-06-19,CUST-138,Corporate,South,Furniture,994.7700957245804,7,0.3,-95.45922698993887,4.0,No
ORD-1150,2025-02-14,CUST-100,Corporate,South,Technology,883.0011128680684,7,0.5,96.86686697369439,3.0,No
ORD-1151,2025-03-03,CUST-102,Home Office,Central,Furniture,925.4728234331943,3,0.0,297.2304713030399,3.0,No
ORD-1152,2025-05-14,CUST-112,Corporate,South,Office Supplies,23.127204670090187,4,0.3,-76.64457538571094,,No
ORD-1153,2025-01-28,CUST-127,Consumer,South,Office Supplies,505.2232578339162,10,0.0,-13.996580726798825,5.0,No
ORD-1154,2025-01-28,CUST-148,Corporate,East,Furniture,582.7995404460352,9,0.1,39.53804225423977,5.0,No
ORD-1155,2025-04-18,CUST-124,Corporate,Central,Office Supplies,32.83880941943745,6,0.3,229.2761314538958,4.0,No
ORD-1156,2025-02-13,CUST-132,Consumer,West,Office Supplies,319.1777184065907,5,0.0,188.28601676116392,1.0,No
ORD-1157,2025-03-25,CUST-137,Consumer,East,Office Supplies,914.7448895153407,3,0.2,87.17475706183475,2.0,No
ORD-1158,2025-01-30,CUST-105,Home Office,Central,Office Supplies,173.16054981750887,9,0.2,241.58102266626906,3.0,No
ORD-1159,2025-03-16,CUST-143,Home Office,East,Furniture,647.0190564285841,5,0.1,174.33395524560586,1.0,No
ORD-1160,2025-05-08,CUST-144,Consumer,West,Technology,266.0902277005126,5,0.3,303.2183598457486,1.0,No
ORD-1161,2025-04-02,CUST-131,Consumer,West,Technology,24.423721826232995,14,0.3,268.1120371124118,5.0,No
ORD-1162,2025-05-09,CUST-144,Home Office,Central,Office Supplies,297.02973454345437,4,0.3,13.766122740140247,4.0,No
ORD-1163,2025-05-01,CUST-146,Corporate,West,Technology,1171.289768342964,14,0.1,22.1473599353901,3.0,No
ORD-1164,2025-01-27,CUST-120,Consumer,East,Technology,963.8291631407576,4,0.3,-43.58958589342647,2.0,No
ORD-1165,2025-05-01,CUST-115,Home Office,West,Office Supplies,1151.8962067420298,12,0.2,51.63412657285542,4.0,No
ORD-1166,2025-04-26,CUST-120,Corporate,East,Office Supplies,590.5463122723713,1,0.0,349.7947634235924,1.0,
ORD-1167,2025-01-03,CUST-110,Consumer,East,Technology,140.58607642622917,7,0.2,82.58802587677744,5.0,No
ORD-1168,2025-04-13,CUST-136,Corporate,West,Furniture,662.0717918786946,9,0.2,-0.7802043899021243,4.0,No
ORD-1169,2025-06-04,CUST-135,Home Office,Central,Office Supplies,550.7090281263535,3,0.0,243.11729801399883,4.0,No
ORD-1170,2025-05-17,CUST-134,Consumer,South,Furniture,1014.784928460143,12,0.2,144.11195155819524,3.0,No
ORD-1171,2025-03-03,CUST-118,Corporate,West,Technology,126.71827113325106,13,0.1,-32.67934771287136,2.0,No
ORD-1172,2025-06-14,CUST-119,Consumer,East,Office Supplies,591.006953055916,2,0.0,71.31035652238958,4.0,Yes
ORD-1173,2025-02-20,CUST-117,Corporate,East,Furniture,188.55791098584126,3,0.2,86.51137199270448,4.0,No
ORD-1174,2025-06-21,CUST-146,Home Office,West,Office Supplies,396.3643529991714,1,0.5,239.22336525614838,4.0,No
ORD-1175,2025-06-01,CUST-140,Home Office,Central,Technology,887.4549220914815,6,0.2,-90.697883998643,2.0,No
ORD-1176,2025-02-28,CUST-148,Consumer,Central,Furniture,576.4615739488322,11,0.1,21.05884105923971,4.0,No
ORD-1177,2025-04-28,CUST-113,Corporate,East,Technology,457.3070593234655,11,0.3,132.9183355919849,4.0,No
ORD-1178,2025-06-09,CUST-114,Consumer,East,Technology,479.426771498342,7,0.2,20.981034103779507,5.0,No
ORD-1179,2025-04-06,CUST-130,Consumer,Central,Office Supplies,556.7416544031241,11,0.3,182.7953213385495,3.0,No
ORD-1180,2025-06-29,CUST-100,Corporate,South,Furniture,944.1696871660977,11,0.5,116.84036567357748,3.0,No
ORD-1181,2025-04-23,CUST-102,Corporate,West,Technology,1071.580779838879,2,0.2,62.76961468681128,4.0,No
ORD-1182,2025-03-03,CUST-115,Corporate,East,Technology,1146.8482769396746,8,0.0,327.1438820917305,4.0,No
ORD-1183,2025-02-21,CUST-122,Home Office,East,Furniture,946.4150296438012,14,0.3,184.47177463390585,4.0,No
ORD-1184,2025-01-12,CUST-110,Consumer,Central,Technology,385.3342059401351,6,0.5,-41.52638247942645,4.0,No
ORD-1185,2025-02-08,CUST-111,Consumer,West,Technology,828.8803002429852,14,0.0,152.04126384952798,4.0,No
ORD-1186,2025-05-10,CUST-109,Home Office,Central,Furniture,530.7477176259164,4,0.0,251.32933394040543,5.0,Yes
ORD-1187,2025-05-11,CUST-131,Corporate,West,Furniture,313.0580402348009,5,0.0,218.8203638717588,4.0,No
ORD-1188,2025-04-23,CUST-115,Home Office,West,Furniture,1010.6371795168479,8,0.0,-22.559846817133277,5.0,No
ORD-1189,2025-04-11,CUST-107,Home Office,West,Furniture,55.72735526516674,14,0.2,337.5889995680465,4.0,Yes
ORD-1190,2025-04-23,CUST-137,Home Office,East,Office Supplies,1083.096770641154,3,0.2,101.96614058597268,5.0,No
ORD-1191,2025-03-22,CUST-111,Consumer,South,Furniture,559.1581829034336,3,0.2,-28.43874831688241,5.0,No
ORD-1192,2025-04-23,CUST-123,Home Office,Central,Office Supplies,768.2697574018537,14,0.5,-18.91191064233344,3.0,No
ORD-1193,2025-01-02,CUST-127,Consumer,South,Office Supplies,794.6311674248814,14,0.5,-55.79425351491378,5.0,No
ORD-1194,2025-05-10,CUST-107,Consumer,Central,Office Supplies,1075.1901114407783,11,0.5,261.58314879572043,2.0,No
ORD-1195,2025-02-23,CUST-127,Consumer,West,Technology,767.6369217789767,4,0.1,-45.08627755516811,5.0,No
ORD-1196,2025-03-28,CUST-135,Corporate,East,Office Supplies,740.5809658644735,1,0.5,-43.69363428621388,4.0,No
ORD-1197,2025-05-09,CUST-125,Consumer,South,Office Supplies,89.31592826722105,9,0.2,282.71222664237695,2.0,Yes
ORD-1198,2025-05-27,CUST-107,Consumer,East,Technology,626.9055461147929,8,0.2,55.07183800140183,4.0,No
ORD-1199,2025-05-06,CUST-149,Corporate,Central,Technology,188.70111097227957,8,0.1,-86.1139430613674,,No
ORD-1200,2025-05-10,CUST-127,Consumer,East,Technology,887.5461847785679,14,0.1,-76.64711521671511,2.0,No
ORD-1201,2025-02-22,CUST-127,Home Office,East,Furniture,619.5440857670826,10,0.5,-36.023298983246995,4.0,Yes
ORD-1202,2025-06-21,CUST-136,Home Office,South,Technology,819.4710572579404,6,0.3,-3.972993410939708,4.0,No
ORD-1203,2025-06-09,CUST-140,Consumer,West,Technology,59.590751716837275,7,0.1,199.31578740728241,5.0,No
ORD-1204,2025-06-09,CUST-135,Corporate,East,Office Supplies,110.90249909450583,6,0.0,-29.203173999177295,4.0,No
ORD-1205,2025-03-09,CUST-126,Home Office,West,Technology,862.4248317945919,9,0.2,-46.5065239703176,3.0,No
ORD-1206,2025-05-03,CUST-116,Corporate,Central,Furniture,95.7803598384213,3,0.0,244.1236136643256,1.0,No
ORD-1207,2025-05-25,CUST-108,Corporate,East,Technology,94.79550604065773,14,0.2,201.9748777369615,4.0,No
ORD-1208,2025-02-07,CUST-132,Home Office,South,Furniture,24.409085529516066,3,0.2,95.8958996548563,4.0,No
ORD-1209,2025-01-24,CUST-119,Corporate,Central,Technology,1148.2366639763814,3,0.1,147.18939716604677,5.0,No
ORD-1210,2025-03-10,CUST-112,Home Office,Central,Technology,887.6349477562183,10,0.1,40.39280914688831,2.0,No
ORD-1211,2025-04-26,CUST-127,Corporate,South,Technology,430.36917611745633,3,0.0,117.12518910591228,4.0,Yes
ORD-1212,2025-04-08,CUST-147,Home Office,East,Technology,362.87734173230973,9,0.2,128.0026920422356,1.0,Yes
ORD-1213,2025-05-19,CUST-128,Consumer,East,Furniture,426.146843397561,12,0.0,74.25677203014317,3.0,No
ORD-1214,2025-05-24,CUST-112,Home Office,Central,Furniture,931.8377021056064,4,0.3,307.95749480247326,4.0,No
ORD-1215,2025-04-07,CUST-145,Home Office,East,Office Supplies,797.0310271737932,13,0.0,-92.77216075854723,4.0,No
ORD-1216,2025-05-04,CUST-134,Home Office,West,Furniture,230.38272576228684,7,0.5,251.97706839106075,4.0,No
ORD-1217,2025-03-11,CUST-105,Home Office,South,Technology,217.19010904756038,14,0.0,-44.02772594140406,5.0,No
ORD-1218,2025-04-03,CUST-117,Corporate,West,Office Supplies,127.09082315894281,9,0.5,258.89631224173974,4.0,No
ORD-1219,2025-01-03,CUST-104,Consumer,East,Office Supplies,795.7602364445924,11,0.5,177.16036205452457,,Yes
ORD-1220,2025-05-28,CUST-146,Home Office,Central,Office Supplies,919.6034680438657,12,0.5,279.47514092138107,5.0,No
ORD-1221,2025-06-13,CUST-124,Corporate,South,Technology,325.4052497067548,7,0.3,-56.11855346159614,4.0,No
ORD-1222,2025-05-27,CUST-101,Consumer,East,Furniture,34.92450362678625,9,0.0,151.5412853448983,5.0,No
ORD-1223,2025-03-31,CUST-109,Consumer,East,Technology,107.78428429694854,12,0.0,125.48954611798868,4.0,No
ORD-1224,2025-05-27,CUST-129,Consumer,Central,Office Supplies,1161.7534414655863,3,0.3,217.7869323335114,2.0,No
ORD-1225,2025-05-28,CUST-149,Consumer,Central,Technology,361.5792851981301,4,0.2,140.4307483521541,4.0,Yes
ORD-1226,2025-04-06,CUST-144,Home Office,West,Technology,925.375545927379,14,0.1,143.3305552098969,2.0,Yes
ORD-1227,2025-02-21,CUST-104,Home Office,South,Furniture,753.3496469365739,8,0.0,93.31817460922912,4.0,No
ORD-1228,2025-06-10,CUST-132,Corporate,South,Furniture,464.50817118694613,6,0.1,38.97549080330339,4.0,Yes
ORD-1229,2025-06-17,CUST-100,Corporate,Central,Office Supplies,254.7678420127106,5,0.3,117.0189625634865,2.0,No
ORD-1230,2025-05-08,CUST-117,Corporate,West,Technology,154.44983760969365,13,0.2,-46.67843855421974,3.0,No
ORD-1231,2025-02-08,CUST-131,Consumer,South,Technology,741.8654319662513,4,0.2,332.68100254238817,5.0,No
ORD-1232,2025-03-23,CUST-146,Consumer,Central,Furniture,931.8141989589677,8,0.2,221.48484363196923,4.0,No
ORD-1233,2025-04-14,CUST-148,Home Office,East,Technology,776.2460617139456,1,0.3,328.61020250953106,3.0,No
ORD-1234,2025-05-09,CUST-110,Consumer,South,Technology,641.0595385664984,14,0.5,2.0273220484834695,4.0,No
ORD-1235,2025-01-11,CUST-120,Consumer,West,Technology,59.92195588364716,9,0.5,295.7034590794376,4.0,No
ORD-1236,2025-06-27,CUST-125,Consumer,West,Furniture,1162.5016453373166,1,0.1,263.9554930535923,4.0,No
ORD-1237,2025-05-31,CUST-124,Corporate,West,Office Supplies,960.4698880689438,8,0.5,204.71858560595314,,No
ORD-1238,2025-06-08,CUST-121,Corporate,East,Office Supplies,358.45822367414803,4,0.5,181.26313373834256,4.0,No
ORD-1239,2025-02-11,CUST-126,Home Office,South,Technology,1176.1646919370323,9,0.2,42.4473493705415,3.0,No
ORD-1240,2025-04-09,CUST-148,Consumer,South,Office Supplies,726.2390916672233,14,0.2,267.3848532342638,5.0,No
ORD-1241,2025-01-07,CUST-112,Consumer,East,Furniture,703.0829632666233,11,0.1,125.68195766588022,5.0,No
ORD-1242,2025-05-24,CUST-132,Home Office,South,Furniture,900.2070835211432,5,0.0,-68.0987908489216,2.0,No
ORD-1243,2025-03-31,CUST-133,Consumer,East,Office Supplies,976.0060478272637,3,0.1,40.788422384808484,3.0,No
ORD-1244,2025-04-22,CUST-140,Consumer,East,Office Supplies,791.2095427244882,9,0.1,320.88369434539743,3.0,No
ORD-1245,2025-03-01,CUST-134,Corporate,East,Technology,162.43393817577802,11,0.3,282.8061172721808,4.0,No
ORD-1246,2025-04-23,CUST-100,Home Office,West,Office Supplies,412.5383321334531,14,0.3,341.8575641344426,4.0,No
ORD-1247,2025-01-02,CUST-120,Home Office,South,Technology,1114.419531987999,14,0.1,182.59702217184412,4.0,No
ORD-1248,2025-05-09,CUST-147,Home Office,East,Technology,277.2925780941838,9,0.1,11.379532913185386,5.0,No
ORD-1249,2025-02-17,CUST-105,Home Office,South,Furniture,452.87875836664085,4,0.1,-26.733227645411304,5.0,No
ORD-1250,2025-05-20,CUST-127,Corporate,West,Furniture,524.1714907035932,11,0.5,-15.88850172619226,2.0,No
ORD-1251,2025-02-06,CUST-116,Corporate,East,Furniture,532.8919377363981,4,0.3,-91.09195374373553,3.0,No
ORD-1252,2025-06-09,CUST-104,Consumer,Central,Furniture,739.3981031684854,12,0.1,75.80694994367263,4.0,No
ORD-1253,2025-01-09,CUST-130,Consumer,West,Office Supplies,1132.260246916202,8,0.2,-13.857543775205869,3.0,No
ORD-1254,2025-04-09,CUST-104,Consumer,Central,Furniture,296.4243270806809,2,0.2,85.2449572055161,4.0,No
ORD-1255,2025-05-27,CUST-137,Consumer,South,Office Supplies,154.58663779809248,9,0.5,320.74749432744443,5.0,
ORD-1256,2025-02-17,CUST-102,Corporate,South,Furniture,244.98988293332542,13,0.5,93.74309427823547,3.0,No
ORD-1257,2025-05-11,CUST-122,Home Office,West,Office Supplies,1065.4406312490307,14,0.0,295.0930236431757,4.0,No
ORD-1258,2025-05-28,CUST-136,Corporate,South,Technology,778.5148670596951,6,0.0,172.4771449771444,5.0,No
ORD-1259,2025-06-01,CUST-136,Consumer,Central,Office Supplies,350.22907919460056,9,0.0,11.209199597626366,4.0,No
ORD-1260,2025-02-23,CUST-109,Corporate,East,Office Supplies,980.9768573726545,8,0.5,60.13464166664514,3.0,Yes
ORD-1261,2025-04-30,CUST-109,Home Office,East,Furniture,1035.0302956724888,7,0.5,-62.23620888035676,4.0,No
ORD-1262,2025-06-10,CUST-118,Home Office,East,Office Supplies,1017.3520630414308,13,0.5,50.05816711820472,2.0,No
ORD-1263,2025-06-01,CUST-116,Corporate,West,Technology,1103.52257503107,14,0.2,204.89342547659032,5.0,No
ORD-1264,2025-04-26,CUST-120,Corporate,South,Technology,310.1668140063003,1,0.5,-67.55000818175417,2.0,No
ORD-1265,2025-03-16,CUST-113,Corporate,Central,Furniture,908.4998952080712,14,0.2,-7.569366184886789,4.0,No
ORD-1266,2025-04-23,CUST-108,Consumer,South,Technology,558.0420017562266,12,0.0,71.64846863599016,4.0,Yes
ORD-1267,2025-06-13,CUST-145,Corporate,South,Office Supplies,1011.9782779391733,3,0.0,341.92229165718317,,Yes
ORD-1268,2025-06-15,CUST-100,Corporate,South,Technology,876.9039058223198,11,0.0,253.18782033149608,3.0,No
ORD-1269,2025-04-14,CUST-144,Corporate,East,Furniture,933.9724613346723,14,0.1,230.06903592144675,2.0,No
ORD-1270,2025-03-25,CUST-112,Home Office,Central,Office Supplies,790.8325868404751,2,0.1,-47.71406956354931,1.0,Yes
ORD-1271,2025-04-22,CUST-103,Home Office,Central,Furniture,221.14023566895116,5,0.3,251.44815212674615,3.0,Yes
ORD-1272,2025-04-09,CUST-100,Consumer,South,Office Supplies,658.5820334873566,5,0.3,253.37096518220682,3.0,
ORD-1273,2025-06-02,CUST-148,Consumer,East,Technology,1181.7569900341648,5,0.3,170.49621303094773,4.0,Yes
ORD-1274,2025-04-03,CUST-139,Home Office,East,Furniture,1125.4917991315715,4,0.1,345.6628018992673,3.0,No
ORD-1275,2025-05-26,CUST-131,Home Office,Central,Furniture,61.37674559844389,5,0.1,46.36425766604839,1.0,No
ORD-1276,2025-05-08,CUST-133,Home Office,East,Office Supplies,206.12963071803017,3,0.3,323.57260170883325,5.0,Yes
ORD-1277,2025-04-20,CUST-127,Corporate,East,Furniture,166.75724041092866,12,0.3,311.62900173042664,3.0,No
ORD-1278,2025-03-23,CUST-130,Corporate,East,Office Supplies,873.9160928825016,1,0.5,-94.83370311277997,3.0,No
ORD-1279,2025-02-23,CUST-107,Home Office,West,Office Supplies,983.1645425297646,5,0.3,102.55243691366496,3.0,No
ORD-1280,2025-06-12,CUST-138,Corporate,South,Office Supplies,264.0785259096996,13,0.5,339.696904873208,,No
ORD-1281,2025-06-18,CUST-125,Corporate,Central,Office Supplies,611.9647046126765,9,0.2,-53.5953869163659,3.0,No
ORD-1282,2025-06-10,CUST-133,Consumer,Central,Technology,1010.436603333328,13,0.1,146.50311247249374,5.0,
ORD-1283,2025-03-09,CUST-102,Home Office,West,Office Supplies,882.0338382718382,9,0.3,340.5308781684968,5.0,No
ORD-1284,2025-02-02,CUST-149,Home Office,South,Furniture,655.2622745352994,4,0.1,149.97294084763706,2.0,No
ORD-1285,2025-05-22,CUST-111,Corporate,Central,Technology,712.5137516459397,3,0.1,-14.583113662529811,,No
ORD-1286,2025-01-21,CUST-100,Home Office,East,Furniture,614.9490508303732,1,0.1,161.9824535416654,3.0,No
ORD-1287,2025-02-17,CUST-143,Consumer,Central,Technology,364.0826570693965,2,0.2,-8.001741722703926,2.0,No
ORD-1288,2025-05-28,CUST-104,Consumer,East,Office Supplies,682.3761715022292,8,0.0,133.86691830251792,5.0,No
ORD-1289,2025-05-08,CUST-129,Consumer,West,Technology,829.7735094396079,1,0.3,-66.6810019394434,4.0,No
ORD-1290,2025-05-16,CUST-129,Home Office,East,Technology,1049.2542698743612,8,0.0,172.46720114648207,4.0,Yes
ORD-1291,2025-05-15,CUST-116,Home Office,Central,Furniture,767.1867112353052,13,0.0,132.5554726076712,3.0,No
ORD-1292,2025-05-25,CUST-147,Home Office,Central,Furniture,915.734629081358,7,0.0,233.0726159426584,4.0,No
ORD-1293,2025-05-08,CUST-146,Home Office,Central,Office Supplies,200.48524559594188,8,0.1,183.81521202145325,5.0,No
ORD-1294,2025-02-02,CUST-122,Home Office,West,Technology,559.25339455955,12,0.5,147.3228208388405,3.0,Yes
ORD-1295,2025-06-25,CUST-114,Consumer,West,Technology,21.104627594241023,6,0.1,210.4004821616545,3.0,No
ORD-1296,2025-04-25,CUST-136,Corporate,South,Technology,303.5478487807314,12,0.1,-35.226138892496124,1.0,No
ORD-1297,2025-04-29,CUST-120,Consumer,Central,Office Supplies,874.4894409844758,14,0.0,167.91184756637182,3.0,No
ORD-1298,2025-01-22,CUST-113,Home Office,East,Office Supplies,1190.2538421057425,9,0.1,-22.550228729750046,5.0,No
ORD-1299,2025-06-07,CUST-101,Consumer,West,Office Supplies,128.02193850878695,3,0.0,316.4849935333464,4.0,No
ORD-1300,2025-02-07,CUST-110,Home Office,Central,Office Supplies,487.77823587493305,10,0.5,-69.24965281947811,,No
ORD-1301,2025-04-19,CUST-138,Home Office,Central,Office Supplies,962.0844527519998,4,0.3,93.66863736085696,3.0,No
ORD-1302,2025-02-20,CUST-137,Consumer,West,Furniture,252.80240520838962,13,0.0,213.1088649449502,4.0,No
ORD-1303,2025-01-08,CUST-133,Home Office,South,Technology,670.5510896697207,6,0.5,106.10999525071642,3.0,No
ORD-1304,2025-01-27,CUST-137,Corporate,West,Technology,882.354842275313,8,0.3,-58.55713604519394,3.0,No
ORD-1305,2025-01-27,CUST-149,Home Office,West,Technology,743.0226858096131,5,0.2,149.0205572570183,3.0,No
ORD-1306,2025-01-21,CUST-133,Corporate,East,Technology,233.7494341923452,3,0.0,188.73435897230956,3.0,Yes
ORD-1307,2025-01-30,CUST-117,Corporate,East,Technology,432.90763673602993,6,0.0,216.70653994572842,4.0,No
ORD-1308,2025-04-07,CUST-129,Home Office,South,Technology,942.7122235376227,4,0.2,67.9669165082415,,Yes
ORD-1309,2025-01-28,CUST-114,Consumer,Central,Technology,669.5295518170998,9,0.2,153.64698696294298,4.0,
ORD-1310,2025-04-21,CUST-126,Corporate,West,Technology,16.223240116066158,13,0.0,102.80891372251091,3.0,No
ORD-1311,2025-03-02,CUST-133,Consumer,South,Furniture,915.5790044334317,3,0.2,202.42521743851404,1.0,No
ORD-1312,2025-02-17,CUST-137,Corporate,East,Technology,52.02051237888449,4,0.1,162.60063529616832,2.0,No
ORD-1313,2025-05-27,CUST-132,Home Office,West,Furniture,897.4232014501663,7,0.3,136.5902988016107,4.0,No
ORD-1314,2025-01-04,CUST-123,Home Office,Central,Office Supplies,250.95186659663253,7,0.3,12.285965077211884,5.0,No
ORD-1315,2025-02-04,CUST-114,Corporate,East,Technology,1150.1074413420624,12,0.3,-99.09166701329474,5.0,Yes
ORD-1316,2025-02-18,CUST-129,Home Office,East,Office Supplies,447.84949404948054,12,0.1,-21.66324610985683,1.0,Yes
ORD-1317,2025-01-17,CUST-141,Corporate,East,Office Supplies,399.0486234423141,4,0.2,-47.3202813591241,4.0,No
ORD-1318,2025-06-21,CUST-116,Home Office,South,Office Supplies,187.17677989560917,6,0.5,102.08813525492604,4.0,No
ORD-1319,2025-06-07,CUST-104,Consumer,Central,Furniture,373.6690164333557,12,0.2,175.5161678428301,4.0,Yes
ORD-1320,2025-02-15,CUST-128,Home Office,West,Office Supplies,1053.2144065755588,13,0.0,-4.111746091836324,4.0,No
ORD-1321,2025-04-27,CUST-103,Consumer,South,Office Supplies,1195.6378617764244,3,0.3,322.57569318523423,4.0,No
ORD-1322,2025-01-06,CUST-109,Home Office,South,Office Supplies,448.28834130314954,6,0.2,-96.9930418492505,4.0,No
ORD-1323,2025-04-09,CUST-116,Consumer,South,Technology,543.8466508359056,12,0.5,247.53545682440432,2.0,No
ORD-1324,2025-05-04,CUST-109,Home Office,East,Technology,869.264416461257,2,0.0,181.34214628869898,5.0,No
ORD-1325,2025-02-06,CUST-116,Consumer,Central,Furniture,1064.5729787534387,8,0.1,68.09966047145684,2.0,No
ORD-1326,2025-01-24,CUST-119,Corporate,South,Furniture,715.7227576822731,2,0.1,-77.27997501441644,4.0,No
ORD-1327,2025-04-03,CUST-123,Corporate,West,Technology,475.9155808316169,11,0.5,182.3689573029257,4.0,No
ORD-1328,2025-02-15,CUST-104,Consumer,Central,Furniture,501.01999060986225,7,0.0,73.52608078954162,4.0,No
ORD-1329,2025-04-05,CUST-133,Home Office,West,Technology,837.7855943312002,9,0.3,321.32021273594864,5.0,No
ORD-1330,2025-04-09,CUST-105,Consumer,Central,Office Supplies,13.829733689091631,1,0.2,143.89553370039465,5.0,Yes
ORD-1331,2025-04-26,CUST-101,Home Office,West,Office Supplies,747.3113115772104,8,0.0,322.8431800820787,5.0,
ORD-1332,2025-06-09,CUST-112,Corporate,East,Furniture,433.0366824252153,7,0.1,-0.7823379370131534,4.0,No
ORD-1333,2025-06-10,CUST-142,Home Office,South,Technology,955.0948242197303,6,0.5,226.5766596638465,4.0,No
ORD-1334,2025-03-08,CUST-142,Corporate,West,Technology,120.65886138952727,6,0.5,177.76205938192658,4.0,No
ORD-1335,2025-05-08,CUST-147,Home Office,Central,Furniture,709.9606976685847,6,0.2,232.73370342409032,5.0,No
ORD-1336,2025-01-18,CUST-110,Home Office,South,Technology,582.3577389644872,9,0.5,-3.399461212358446,4.0,Yes
ORD-1337,2025-01-25,CUST-146,Home Office,South,Office Supplies,774.3673758272206,2,0.5,199.24753230699815,,No
ORD-1338,2025-02-23,CUST-122,Consumer,Central,Furniture,87.17577743473234,1,0.0,124.11817687559105,5.0,No
ORD-1339,2025-02-27,CUST-115,Consumer,West,Furniture,700.1807070394763,13,0.3,234.27123870784231,4.0,No
ORD-1340,2025-03-08,CUST-130,Corporate,East,Technology,678.1666596718333,12,0.2,47.170089868318,3.0,No
ORD-1341,2025-04-14,CUST-110,Corporate,East,Furniture,677.1855123552434,6,0.0,300.5256614593637,2.0,No
ORD-1342,2025-06-23,CUST-115,Consumer,West,Technology,728.1503232497812,10,0.3,-62.06440842489233,5.0,No
ORD-1343,2025-01-24,CUST-107,Corporate,South,Technology,814.9968452993711,11,0.0,263.2351934560346,3.0,No
ORD-1344,2025-04-24,CUST-103,Consumer,South,Technology,967.936909620116,8,0.0,287.59383161679085,5.0,No
ORD-1345,2025-02-01,CUST-139,Home Office,South,Technology,331.0866569525751,3,0.5,267.76354011506953,4.0,No
ORD-1346,2025-06-24,CUST-103,Corporate,South,Technology,991.8087981142738,12,0.3,130.72687741779922,4.0,No
ORD-1347,2025-03-27,CUST-124,Corporate,West,Furniture,602.9242618935098,10,0.2,97.27324101384258,5.0,No
ORD-1348,2025-05-31,CUST-102,Consumer,South,Office Supplies,101.69935216985408,1,0.2,348.31802893619454,4.0,No
ORD-1349,2025-05-07,CUST-131,Corporate,Central,Office Supplies,79.67560580033525,9,0.3,3.1273780463729537,4.0,No
ORD-1350,2025-06-04,CUST-102,Corporate,South,Furniture,407.74359924831236,13,0.5,146.09418464422006,4.0,No
ORD-1351,2025-05-10,CUST-126,Home Office,East,Furniture,944.0274027626464,13,0.1,201.80398642204648,3.0,Yes
ORD-1352,2025-01-17,CUST-128,Corporate,South,Office Supplies,852.1403123416898,1,0.0,215.39043613764437,5.0,No
ORD-1353,2025-04-14,CUST-131,Home Office,West,Office Supplies,948.4518079601637,3,0.5,-8.188900417639587,3.0,No
ORD-1354,2025-06-10,CUST-149,Consumer,East,Office Supplies,625.5501771655152,8,0.3,194.29734155291055,5.0,No
ORD-1355,2025-05-17,CUST-118,Corporate,West,Office Supplies,533.8368075670338,14,0.0,268.26630491660177,5.0,No
ORD-1356,2025-02-12,CUST-120,Home Office,West,Office Supplies,185.4685067804779,3,0.2,-77.4916404304995,3.0,No
ORD-1357,2025-06-25,CUST-104,Consumer,East,Technology,400.5493767950807,13,0.1,310.1845819963924,4.0,No
ORD-1358,2025-02-08,CUST-117,Corporate,West,Furniture,526.4830457469116,4,0.2,-86.72317518465734,4.0,No
ORD-1359,2025-06-19,CUST-127,Consumer,West,Technology,115.43451131874451,8,0.3,60.186964619777456,3.0,No
ORD-1360,2025-01-26,CUST-141,Corporate,South,Office Supplies,272.5282237263414,1,0.0,-92.88406169516708,,
ORD-1361,2025-04-09,CUST-121,Consumer,Central,Office Supplies,721.8880999358491,13,0.3,-65.28467415718816,1.0,No
ORD-1362,2025-02-19,CUST-120,Consumer,West,Office Supplies,885.4391059446359,13,0.0,310.02572833103557,3.0,No
ORD-1363,2025-06-02,CUST-105,Home Office,West,Technology,1198.03353855761,6,0.5,59.68737383576652,4.0,
ORD-1364,2025-06-01,CUST-100,Consumer,West,Technology,1120.4048642988337,1,0.1,91.14718869127381,4.0,No
ORD-1365,2025-01-13,CUST-104,Corporate,South,Office Supplies,774.6525874468779,14,0.5,-3.095028377851321,4.0,No
ORD-1366,2025-03-01,CUST-140,Corporate,Central,Technology,511.28518341994567,1,0.5,168.69309658402392,5.0,No
ORD-1367,2025-05-15,CUST-111,Home Office,East,Technology,767.0510640027969,14,0.3,167.66144660500532,4.0,No
ORD-1368,2025-02-26,CUST-125,Corporate,South,Office Supplies,944.925425515476,8,0.1,67.49017632134866,4.0,No
ORD-1369,2025-02-05,CUST-145,Corporate,South,Technology,150.8200671988309,11,0.0,49.865692312429275,2.0,No
ORD-1370,2025-06-22,CUST-133,Corporate,Central,Furniture,497.786818738583,4,0.0,298.23393868126453,3.0,No
ORD-1371,2025-01-20,CUST-148,Consumer,Central,Furniture,1009.3647199063845,12,0.2,72.47790783899063,3.0,Yes
ORD-1372,2025-03-06,CUST-113,Consumer,South,Furniture,466.76121280032237,1,0.0,122.0754464694837,3.0,No
ORD-1373,2025-01-08,CUST-125,Corporate,East,Furniture,690.528002760352,10,0.3,27.487143091218783,4.0,No
ORD-1374,2025-05-24,CUST-144,Home Office,South,Office Supplies,709.4455394260159,7,0.5,254.0462765107073,3.0,No
ORD-1375,2025-05-22,CUST-126,Consumer,Central,Office Supplies,229.52674122903085,5,0.5,78.85167060459122,3.0,No
ORD-1376,2025-04-25,CUST-108,Home Office,East,Office Supplies,441.06017556622317,5,0.5,131.12497094494606,3.0,Yes
ORD-1377,2025-05-23,CUST-125,Corporate,Central,Furniture,408.06843360289923,1,0.1,14.010726526847634,5.0,No
ORD-1378,2025-04-02,CUST-146,Corporate,East,Furniture,41.174083153157106,14,0.0,344.4468165535633,5.0,No
ORD-1379,2025-04-08,CUST-121,Consumer,West,Technology,38.78819903071274,10,0.3,31.173083415675308,4.0,No
ORD-1380,2025-03-07,CUST-146,Corporate,Central,Technology,999.7194819741704,11,0.1,246.83413890749824,5.0,No
ORD-1381,2025-02-01,CUST-129,Consumer,Central,Furniture,334.9542638676468,6,0.2,92.37304266054164,5.0,No
ORD-1382,2025-03-27,CUST-142,Corporate,South,Furniture,626.5137318241904,14,0.3,-7.202167712137054,4.0,No
ORD-1383,2025-02-20,CUST-147,Corporate,Central,Furniture,365.48343257063993,9,0.3,259.87344378418754,1.0,No
ORD-1384,2025-06-02,CUST-116,Consumer,Central,Furniture,1129.4083016872553,9,0.3,50.123055063069415,5.0,No
ORD-1385,2025-03-04,CUST-125,Consumer,West,Technology,318.56314305027075,8,0.5,289.33700632901497,4.0,No
ORD-1386,2025-05-05,CUST-135,Consumer,Central,Furniture,521.2916071593327,5,0.3,311.86573321302035,4.0,No
ORD-1387,2025-05-30,CUST-100,Corporate,West,Technology,1048.5489980766763,1,0.0,286.92072592607417,5.0,No
ORD-1388,2025-02-27,CUST-107,Corporate,West,Furniture,1011.9009444822523,9,0.3,-84.24643833693746,4.0,No
ORD-1389,2025-02-27,CUST-148,Home Office,West,Furniture,231.46068723707,1,0.5,254.3180052522975,4.0,No
ORD-1390,2025-03-27,CUST-134,Consumer,West,Furniture,965.1455386568954,8,0.3,85.10275992461476,5.0,No
ORD-1391,2025-02-18,CUST-114,Corporate,East,Technology,555.2423952180923,5,0.2,293.1753140820013,3.0,No
ORD-1392,2025-06-29,CUST-146,Corporate,South,Technology,584.7329577815727,3,0.2,187.07941820813244,4.0,Yes
ORD-1393,2025-06-19,CUST-121,Consumer,East,Office Supplies,168.8411671749731,11,0.5,275.13941036478127,4.0,No
ORD-1394,2025-03-11,CUST-113,Home Office,Central,Furniture,105.91580137097834,7,0.0,124.74429644007591,4.0,No
ORD-1395,2025-01-15,CUST-125,Consumer,East,Office Supplies,876.2477752987805,7,0.0,140.76147706951977,5.0,No
ORD-1396,2025-02-23,CUST-127,Home Office,East,Office Supplies,600.7887713028067,9,0.1,-35.02556553984975,1.0,Yes
ORD-1397,2025-04-11,CUST-122,Corporate,Central,Technology,529.8523361120637,7,0.5,252.79431141020996,4.0,No
ORD-1398,2025-01-08,CUST-113,Home Office,Central,Technology,878.1147920963521,13,0.3,88.72532525013725,3.0,No
ORD-1399,2025-02-22,CUST-123,Corporate,Central,Office Supplies,920.9603497994206,11,0.5,125.03605322221216,4.0,No
ORD-1400,2025-03-01,CUST-101,Consumer,East,Furniture,199.10071952653072,14,0.1,253.29397134306845,4.0,No
ORD-1401,2025-04-18,CUST-144,Consumer,East,Technology,736.1679278783931,3,0.5,169.48043003574753,5.0,No
ORD-1402,2025-01-05,CUST-125,Consumer,Central,Furniture,171.07135791044578,11,0.5,-9.50557265079965,2.0,No
ORD-1403,2025-04-13,CUST-113,Home Office,South,Furniture,904.1363523745644,13,0.1,165.6046966179017,4.0,No
ORD-1404,2025-01-06,CUST-106,Corporate,South,Office Supplies,791.776635957896,14,0.0,83.43478609084508,3.0,No
ORD-1405,2025-04-19,CUST-102,Consumer,West,Office Supplies,1148.371399089315,13,0.3,111.2864939197382,5.0,
ORD-1406,2025-04-26,CUST-146,Consumer,Central,Office Supplies,92.06003946414121,1,0.1,-87.25992651879949,5.0,No
ORD-1407,2025-04-04,CUST-122,Corporate,West,Office Supplies,77.89511816999264,8,0.2,-5.486792717673282,,No
ORD-1408,2025-02-16,CUST-145,Consumer,South,Technology,345.80261888490816,12,0.0,26.467136621462714,5.0,No
ORD-1409,2025-04-09,CUST-142,Corporate,West,Technology,321.4297636457281,3,0.2,220.8320035364626,5.0,No
ORD-1410,2025-02-24,CUST-146,Corporate,Central,Office Supplies,303.9047708956798,12,0.0,-94.82838701584811,3.0,Yes
ORD-1411,2025-06-17,CUST-144,Corporate,Central,Technology,1088.4429508200337,8,0.3,83.94976755310941,3.0,No
ORD-1412,2025-02-21,CUST-117,Corporate,Central,Office Supplies,306.9599778209123,8,0.3,315.8120916915798,4.0,
ORD-1413,2025-05-24,CUST-137,Corporate,East,Furniture,333.6201740930709,13,0.5,-49.65372255289427,5.0,No
ORD-1414,2025-01-13,CUST-134,Home Office,West,Furniture,913.6839322773768,5,0.2,132.39097469837498,5.0,Yes
ORD-1415,2025-04-24,CUST-114,Consumer,South,Furniture,545.1904125161426,13,0.0,253.93507207588118,3.0,Yes
ORD-1416,2025-05-04,CUST-124,Home Office,South,Office Supplies,934.2855627766656,12,0.3,324.1390883840525,5.0,No
ORD-1417,2025-04-16,CUST-136,Consumer,South,Furniture,87.78572750161844,13,0.1,236.0494877901731,4.0,No
ORD-1418,2025-06-07,CUST-127,Home Office,East,Technology,590.2097204713273,1,0.3,224.25449688998276,4.0,No
ORD-1419,2025-05-27,CUST-109,Corporate,East,Furniture,50.000184218106334,13,0.1,271.9196405880931,3.0,No
ORD-1420,2025-05-25,CUST-138,Consumer,Central,Furniture,84.55731211187188,10,0.0,100.79054943989465,2.0,No
ORD-1421,2025-04-30,CUST-116,Consumer,South,Furniture,1088.660569479849,7,0.3,262.6300396780249,4.0,No
ORD-1422,2025-03-04,CUST-138,Home Office,East,Technology,175.70199162993825,12,0.3,-96.41601786454699,4.0,No
ORD-1423,2025-01-19,CUST-121,Home Office,Central,Office Supplies,643.5806119075083,10,0.0,316.0524749195622,3.0,No
ORD-1424,2025-04-02,CUST-125,Consumer,South,Technology,499.20376709484077,5,0.3,99.48792928272889,4.0,No
ORD-1425,2025-02-27,CUST-143,Home Office,West,Office Supplies,423.33855824802276,8,0.1,149.0210845395864,5.0,No
ORD-1426,2025-03-31,CUST-124,Home Office,Central,Office Supplies,1080.8016813678541,9,0.3,14.69701201169704,5.0,No
ORD-1427,2025-04-27,CUST-116,Home Office,East,Furniture,35.96984216283251,11,0.2,234.13887477818963,5.0,No
ORD-1428,2025-03-03,CUST-112,Corporate,East,Office Supplies,799.909726548951,14,0.5,-65.51388708613803,3.0,Yes
ORD-1429,2025-01-23,CUST-119,Corporate,Central,Technology,1156.439376714125,7,0.1,292.68611114607586,3.0,No
ORD-1430,2025-05-07,CUST-124,Home Office,Central,Technology,676.6001383195919,14,0.2,272.6525730528542,4.0,No
ORD-1431,2025-05-17,CUST-103,Home Office,East,Office Supplies,1124.8187298193793,13,0.0,-2.7729476898551155,4.0,No
ORD-1432,2025-05-20,CUST-109,Corporate,West,Furniture,72.18687635036828,7,0.1,264.19597922836806,2.0,No
ORD-1433,2025-05-09,CUST-102,Corporate,South,Furniture,508.3640496982521,1,0.5,253.8609798776667,3.0,
ORD-1434,2025-02-27,CUST-140,Consumer,West,Technology,319.5877712448409,4,0.5,184.49746898927702,4.0,Yes
ORD-1435,2025-05-02,CUST-144,Consumer,Central,Furniture,879.6769483270684,2,0.0,68.0840796048594,3.0,No
ORD-1436,2025-01-01,CUST-117,Corporate,West,Office Supplies,1177.7435376917235,2,0.0,22.174439381840543,3.0,No
ORD-1437,2025-02-03,CUST-146,Home Office,East,Office Supplies,315.2707743086549,2,0.1,4.302615630207512,3.0,No
ORD-1438,2025-04-06,CUST-135,Home Office,Central,Technology,788.4677757541486,4,0.3,43.37403324362322,1.0,No
ORD-1439,2025-05-06,CUST-146,Home Office,South,Office Supplies,245.73618298409076,14,0.0,306.60129954463866,4.0,No
ORD-1440,2025-04-28,CUST-121,Home Office,East,Technology,682.7430029402158,1,0.3,-65.06165080504843,4.0,No
ORD-1441,2025-02-17,CUST-133,Consumer,East,Office Supplies,562.0796591591201,4,0.2,272.9920743138314,4.0,No
ORD-1442,2025-03-30,CUST-146,Corporate,South,Technology,1166.686342261529,2,0.5,57.00053376882062,3.0,No
ORD-1443,2025-04-27,CUST-107,Home Office,South,Furniture,734.1474545087952,5,0.3,134.71972820511118,3.0,No
ORD-1444,2025-05-09,CUST-139,Consumer,West,Office Supplies,425.91258278331435,3,0.5,257.5185351418208,4.0,No
ORD-1445,2025-01-16,CUST-148,Home Office,Central,Office Supplies,145.77398401664072,12,0.3,297.9694461603371,4.0,No
ORD-1446,2025-03-10,CUST-143,Corporate,South,Technology,189.9837261945721,8,0.2,55.15163903269115,4.0,No
ORD-1447,2025-01-22,CUST-118,Consumer,South,Technology,278.1271466419698,4,0.0,107.82956657379964,3.0,No
ORD-1448,2025-04-03,CUST-141,Corporate,Central,Office Supplies,308.6503269949546,1,0.2,86.53222916755652,5.0,No
ORD-1449,2025-03-17,CUST-140,Corporate,South,Technology,1022.2331088309539,1,0.0,-94.03703492324026,3.0,No
ORD-1450,2025-06-03,CUST-136,Consumer,South,Office Supplies,677.8551180562047,12,0.0,33.17429998639548,4.0,No
ORD-1451,2025-05-24,CUST-105,Consumer,West,Furniture,632.8351845354961,10,0.5,106.63515517965283,4.0,
ORD-1452,2025-06-28,CUST-125,Consumer,East,Technology,146.57495752436878,3,0.2,84.9921239961979,4.0,No
ORD-1453,2025-03-27,CUST-133,Consumer,East,Office Supplies,1033.5662350858277,9,0.3,224.86815238205577,3.0,Yes
ORD-1454,2025-01-29,CUST-144,Consumer,East,Furniture,870.1490208180957,7,0.2,73.16162774949646,4.0,Yes
ORD-1455,2025-03-10,CUST-105,Consumer,East,Furniture,90.52535066100188,2,0.5,120.2194020368016,5.0,No
ORD-1456,2025-02-16,CUST-136,Consumer,South,Office Supplies,852.3237657034247,13,0.0,93.3238664595635,3.0,No
ORD-1457,2025-04-04,CUST-132,Home Office,Central,Technology,656.8104786377488,9,0.5,233.28176700246672,2.0,No
ORD-1458,2025-05-24,CUST-121,Corporate,Central,Office Supplies,107.25316143866613,10,0.1,288.3375795441331,3.0,No
ORD-1459,2025-06-25,CUST-120,Consumer,West,Furniture,555.3777634191011,2,0.1,139.35008555338138,5.0,No
ORD-1460,2025-03-26,CUST-105,Home Office,West,Office Supplies,586.7885816847559,3,0.3,255.24448738783605,2.0,No
ORD-1461,2025-02-08,CUST-105,Home Office,South,Technology,207.27170279429814,11,0.5,33.55400690893276,,No
ORD-1462,2025-04-10,CUST-147,Home Office,Central,Furniture,1135.380794930336,13,0.3,143.61632457077093,4.0,No
ORD-1463,2025-02-02,CUST-103,Corporate,Central,Office Supplies,1021.4706920619877,10,0.3,55.35347915148759,,
ORD-1464,2025-04-11,CUST-129,Consumer,East,Technology,806.1365814216389,14,0.1,86.39041650732364,5.0,No
ORD-1465,2025-01-23,CUST-110,Home Office,South,Furniture,560.1317175907226,2,0.3,229.58623916570087,4.0,No
ORD-1466,2025-01-10,CUST-129,Corporate,South,Technology,500.0009944855651,3,0.1,296.74811704972075,3.0,No
ORD-1467,2025-03-10,CUST-130,Corporate,East,Furniture,784.6584259096354,6,0.0,-45.32707401050556,3.0,Yes
ORD-1468,2025-04-10,CUST-123,Corporate,South,Office Supplies,659.0639245942175,9,0.5,185.58766541932124,3.0,No
ORD-1469,2025-02-03,CUST-108,Home Office,South,Technology,84.10499599944389,9,0.3,161.96471341000932,4.0,
ORD-1470,2025-06-29,CUST-102,Consumer,West,Furniture,619.8781520366947,7,0.1,-46.71323237083065,3.0,No
ORD-1471,2025-05-18,CUST-130,Home Office,Central,Technology,969.620304507079,12,0.2,-4.647551301950912,3.0,No
ORD-1472,2025-05-27,CUST-139,Home Office,South,Technology,556.4954543403801,3,0.3,39.951122629706134,4.0,No
ORD-1473,2025-04-06,CUST-136,Consumer,West,Office Supplies,71.82832728957942,4,0.0,-24.88101813212434,5.0,No
ORD-1474,2025-01-01,CUST-135,Consumer,Central,Technology,945.6710572669994,6,0.0,9.678267135953803,3.0,No
ORD-1475,2025-03-10,CUST-123,Consumer,East,Furniture,249.62290074180953,11,0.2,20.42035948776838,1.0,No
ORD-1476,2025-01-04,CUST-130,Corporate,West,Furniture,317.75879351676616,5,0.1,51.05322486757683,2.0,No
ORD-1477,2025-01-16,CUST-105,Consumer,West,Furniture,206.00056058443212,2,0.3,237.22570376052158,5.0,
ORD-1478,2025-01-24,CUST-101,Home Office,Central,Furniture,402.9559271970821,13,0.1,157.3604917327703,4.0,No
ORD-1479,2025-03-21,CUST-119,Consumer,East,Office Supplies,910.5342917694757,6,0.0,343.81100237813064,3.0,No
ORD-1480,2025-01-02,CUST-127,Home Office,West,Technology,628.0691728096855,3,0.1,86.63112213536195,3.0,
ORD-1481,2025-05-08,CUST-110,Corporate,South,Office Supplies,253.80871623934794,14,0.0,239.23928322661624,3.0,No
ORD-1482,2025-06-09,CUST-103,Home Office,South,Technology,1054.6177930009285,8,0.1,292.1607896194402,2.0,No
ORD-1483,2025-03-25,CUST-114,Home Office,South,Technology,1056.7024073923196,2,0.2,205.54032186711885,5.0,No
ORD-1484,2025-06-01,CUST-105,Consumer,East,Technology,1045.9883258047482,1,0.5,85.33913318787319,5.0,No
ORD-1485,2025-05-20,CUST-148,Consumer,West,Office Supplies,294.16749154403175,9,0.2,239.11758383558885,4.0,No
ORD-1486,2025-06-27,CUST-129,Home Office,South,Technology,546.9748195753758,14,0.2,-8.349788002291817,5.0,No
ORD-1487,2025-06-12,CUST-137,Consumer,East,Office Supplies,1182.1376908076413,12,0.5,47.39847433105959,3.0,No
ORD-1488,2025-05-04,CUST-101,Corporate,South,Furniture,928.6948468088885,3,0.5,146.00836479467995,4.0,No
ORD-1489,2025-02-02,CUST-114,Corporate,Central,Furniture,42.329231258416186,11,0.3,158.93422427876675,5.0,No
ORD-1490,2025-06-10,CUST-110,Consumer,West,Technology,87.59346359998554,1,0.3,-90.03633603731674,3.0,No
ORD-1491,2025-06-28,CUST-107,Corporate,West,Office Supplies,562.078338406676,7,0.2,325.30138494020395,5.0,No
ORD-1492,2025-06-20,CUST-125,Consumer,East,Furniture,1091.9720449752565,13,0.2,213.48227204782552,3.0,No
ORD-1493,2025-04-11,CUST-144,Home Office,East,Office Supplies,651.0551395637299,10,0.0,123.06668760435099,3.0,Yes
ORD-1494,2025-01-12,CUST-143,Home Office,West,Office Supplies,602.3968845608053,5,0.0,319.90725548373877,2.0,No
ORD-1495,2025-03-08,CUST-104,Corporate,South,Technology,135.5137029483904,5,0.3,97.59300436287282,4.0,Yes
ORD-1496,2025-03-06,CUST-105,Consumer,South,Furniture,791.5683246219099,14,0.3,341.19600662166727,4.0,No
ORD-1497,2025-06-10,CUST-125,Consumer,Central,Technology,988.3027611142683,1,0.0,130.5281407595683,5.0,Yes
ORD-1498,2025-06-17,CUST-103,Corporate,South,Technology,462.6998089339992,9,0.0,-48.57140350090924,4.0,Yes
ORD-1499,2025-03-15,CUST-118,Home Office,East,Furniture,932.9781026011397,7,0.1,244.16043760667475,5.0,No
